object_id,annotation_type,annotation_text,annotation_uri
218010001027,Biblical person,Adam,null
218010001051,Theme,The great flood,null
218010001507,Theme,Straf van de ongehoorzame profeet,null
218010001163,Theme,Josepf tempted to whoredom,null
218010001187,Theme,Jacob blesses his sons,http://iconclass.org/71D243
218010002031,Theme,Magiërs uit het Oosten,null
218010001539,Biblical person,Nebuchadnezzar,http://bibleontology.com/resource/Nebuchadnezzar
218010001903,Theme,Christ aloft in the sky ~ Ascension,http://iconclass.org/73E422
218010001724,Biblical person,Man met huidvraat,null
218010001627,Theme,Cruelty against seven brothers,null
218010001255,Biblical person,Moses,http://bibleontology.com/resource/Moses
218010001791,Theme,the good Samaritan (Luke 10:30-37),http://iconclass.org/73C861
218010001174,Theme,the brothers of Joseph return to Jacob,null
218010001933,Biblical person,Silas,null
218010001925,Biblical person,Sergius Paulus,null
218010002032,Biblical person,Jesus,http://bibleontology.com/resource/Jesus
218010002014,Theme,David vlucht voor koning Saul. Saul wreekt zich op de priesters van Nob. David en Abjathar. Sauls leven loopt gevaar.,null
218010001224,Biblical person,Moses,http://bibleontology.com/resource/Moses
218010001224,Theme,Pharao and his army engulfed in the Red Sea ,null
218010001371,Biblical person,Sisera,null
218010001605,Theme,Susanna resists the temptation of the two judges,null
218010001696,Biblical person,Joseph_(Husband of Maria),http://bibleontology.com/resource/Joseph_Husband_of_Maria
218010002033,Biblical person,Jezus,null
218010001847,Biblical person,Jezus,null
218010001817,Theme,Christ (in the temple) in debate with Pharisees about the tribute to Caesar (Matthew 22:15-22; Mark 12:13-17; Luke 20:20-26),http://iconclass.org/73C72473
218010002010,Biblical person,Samson,http://bibleontology.com/resource/Samson
218010001945,Biblical person,Paulus,null
218010001827,Biblical person,Jesus,http://bibleontology.com/resource/Jesus
218010001575,Biblical person,Ezekiel,http://bibleontology.com/resource/Ezekiel
218010001603,Biblical person,Tobias,null
218010002032,Biblical person,Jezus,null
218010002032,Biblical person,Jezus,null
218010002032,Theme,De duivel verzoekt Jezus in de woestijn.,null
218010002007,Theme,Aaron died on the top of the mount,null
218010002032,Biblical person,Jezus,null
218010001839,Biblical person,caiahhas,null
218010002033,Biblical person,dochter van Herodias,null
218010001239,Theme,the law-making on the Sinaï,null
218010001746,Theme,Jesus casts out devils into a herd of swine,null
218010001696,Theme,an angel appears to Joseph in a dream and admonishes him to return home,http://iconclass.org/73B68
218010001409,Theme,Ruth met haar schoonmoeder,null
218010001945,Biblical person,Paulus,null
218010002037,Biblical person,Johannes,null
218010001860,Biblical person,Jesus,http://bibleontology.com/resource/Jesus
218010001739,Biblical person,Jesus,http://bibleontology.com/resource/Jesus
218010002016,Theme,"Marriage of Salomo, ",null
218010002006,Theme,"two sons of Aaron, Nadab and Abihu, offer incense in their censers to God, who punishes them for this by sending a fire that kills them",http://iconclass.org/71E231
218010002012,Theme,De roeping van Samuel,null
218010001179,Biblical person,Joseph,http://bibleontology.com/resource/Joseph
218010001687,Theme,Jesus escape to Egypt,null
218010001860,Theme,Kruisweg,null
218010002015,Biblical person,Saul,http://bibleontology.com/resource/Saul
218010001577,Theme,other parables of Ezekiel,http://iconclass.org/71O948
218010002010,Theme,Samson is bound by Delilah with new ropes,http://iconclass.org/71F3732
218010001683,Theme,Offerings made by the wise men of the East,null
218010001503,Biblical person,Jeroboam,http://bibleontology.com/resource/Jeroboam
218010001389,Biblical person,Jefta,null
218010001211,Biblical person,Aäron,null
218010001929,Biblical person,Silas,null
218010002015,Theme,Israel fled before the Philistines and slain  in mount Gilboa,null
218010002032,Biblical person,duivel,null
218010001687,Theme,De vlucht voor Herodus,null
218010001603,Biblical person,Rafaël,null
218010002012,Biblical person,Dagon,null
218010002032,Theme,Een centurio vraagt Jezus om hulp voor zijn zieke slaaf,null
218010001179,Theme,Jozef maakt zich aan zijn broers bekend.,null
218010001110,Biblical person,Rebekka,null
218010002038,Biblical person,Jesus,http://bibleontology.com/resource/Jesus
218010002033,Biblical person,Jezus,null
218010002014,Biblical person,Saul,null
218010001151,Theme,Simeon and Levi kill the Sichemites,null
218010001032,Biblical person,Eve,http://bibleontology.com/resource/Eve
218010002033,Biblical person,Jakobus,null
218010001555,Biblical person,Ahasverus,null
218010001795,Theme,Jezus op bezoek bij Maria en Martha,null
218010001095,Biblical person,ismael,null
218010001847,Theme,Jezus wordt door de raad van oudsten naar Pilatus gestuurd.,null
218010001759,Theme,The paralysed man is lowered through the tiling.,null
218010001554,Theme,Safan leest een boekrol voor aan koning Josia,null
218010001469,Theme,1 Samuel 24: 12,null
218010001687,Biblical person,Joseph_(Husband of Maria),http://bibleontology.com/resource/Joseph_Husband_of_Maria
218010001397,Biblical person,Somson,null
218010001210,Biblical person,Aäron,null
218010001903,Biblical person,Jesus,http://bibleontology.com/resource/Jesus
218010001469,Theme,David shows Saul the skirt of his robe,null
218010001696,Biblical person,Jesus,http://bibleontology.com/resource/Jesus
218010001750,Biblical person,hoveling uit Kafarnaüm,null
218010001409,Theme,Ruth accompanies her mother in law,null
218010001746,Theme,Christ healing possessed people,http://iconclass.org/73C43
218010001696,Biblical person,Maria mother of Jesus,null
218010001511,Biblical person,Rivier de Kerit (Chertih brook),null
218010002009,Biblical person,Gideon,http://bibleontology.com/resource/Gideon
218010001143,Theme,Jacob wrestles with the angel (or man) till daybreak; Jacob's thigh is put out of joint,http://iconclass.org/71C3222
218010001621,Theme,the courage of Eleaz,null
218010001051,Theme,the Flood and destruction of mankind ~ story of Noah (Genesis 7:10 - 8:17),http://iconclass.org/71B33
218010002007,Theme,Balaks presents for Bileam,null
218010001033,Biblical person,Cain,null
218010001718,Biblical person,Johannes de Doper,null
218010002023,Theme,crowning of Esther,http://iconclass.org/71Q24
218010001687,Biblical person,Jesus,http://bibleontology.com/resource/Jesus
218010001143,Biblical person,jacob,null
218010001835,Theme,Jezus vindt zijn leerlingen slapende,null
218010002033,Theme,De dochter van Herodias brengt Herodes het hoofd van Johannes.,null
218010001664,Theme,The annonciation of the birthe of Jesus,null
218010001517,Biblical person,Elijah,http://bibleontology.com/resource/Elijah
218010001333,Theme,Achan and his family are stoned and burned (aftermath of the fall of Jericho),http://iconclass.org/71E52561
218010001724,Biblical person,Jesus,http://bibleontology.com/resource/Jesus
218010002033,Theme,John Baptist beheaded in the prison,null
218010002012,Biblical person,Samuel,null
218010001380,Theme,pursuit of the Midianites by Gideon's men,http://iconclass.org/71F2165
218010001529,Theme,Sennacherib's army slain,null
218010002040,Theme,Revelation of John,null
218010001873,Biblical person,Christ,null
218010001675,Biblical person,Christ,null
218010001779,Biblical person,Jesus,http://bibleontology.com/resource/Jesus
218010002010,Theme,Samson ties three hundred foxes two by two by their tails with a fire-brand in between; with the torches on fire he lets them go into the cornfields of the Philistines which are set aflame,http://iconclass.org/71F343
218010001917,Biblical person,"Saul -Act IX, 4",null
218010001329,Theme,Vernietiging van Jericho,null
218010002023,Theme,Queen Vashti (Astin) gives a banquet for the women ~ story of Esther,http://iconclass.org/71Q211
218010001929,Biblical person,Paulus,null
218010001243,Biblical person,Molen golden calf,null
218010001453,Biblical person,Agag,null
218010002039,Theme,Dead of Herod,null
218010001095,Biblical person,"Ismaël, zoon van Hagar en Abraham",null
218010002037,Biblical person,peter,null
218010001899,Theme,christ appeard to his disciples at the Sea of Tiberias (John 21),null
218010001891,Biblical person,Jesus,http://bibleontology.com/resource/Jesus
218010001413,Biblical person,Boaz,null
218010002003,Biblical person,Moses,http://bibleontology.com/resource/Moses
218010001521,Biblical person,naaman,null
218010001507,Theme,De ongehoorzame profeet,null
218010001038,Theme,God gives Kaïn a sign,null
218010001895,Biblical person,Jesus,http://bibleontology.com/resource/Jesus
218010001019,Biblical person,Adam,null
218010002023,Biblical person,Mordecai,http://bibleontology.com/resource/Mordecai
218010002005,Biblical person,Mozes,null
218010002035,Theme,Jesus' triumf in Jerusalem on donkey,null
218010002010,Theme,Samson kills the lion with his bare hands,http://iconclass.org/71F325
218010001067,Theme,Abram frees Lot the women and teh good,null
218010001262,Theme,God punishes Israel with fire,null
218010001211,Biblical person,Moses,http://bibleontology.com/resource/Moses
218010001727,Biblical person,Simon Petrus,null
218010001155,Biblical person,Joseph,null
218010001027,Biblical person,Adam,null
218010002016,Theme,Solomon's idolatry,http://iconclass.org/71I53
218010001826,Biblical person,discipelen van Jezus,null
218010002031,Biblical person,Mary_(Mother_of_Jesus),http://bibleontology.com/resource/Mary_Mother_of_Jesus
218010001713,Biblical person,Jesus,http://bibleontology.com/resource/Jesus
218010001411,Biblical person,Boaz,null
218010002033,Biblical person,Petrus,null
218010002033,Theme,Een vader met een maanzieke zoon vraagt Jezus om hulp.,null
218010001724,Theme,Genezing van de man met huidvraat.,null
218010001713,Theme,Jezus spreekt de Bergrede uit,null
218010001795,Biblical person,Martha,null
218010001807,Biblical person,Lazarus,null
218010001577,Biblical person,Ezekiel,http://bibleontology.com/resource/Ezekiel
218010001899,Theme,Jezus verschijnt aan zijn leerlingen bij het meer van Tiberias,null
218010001831,Biblical person,Slapende leerlingen ,null
218010002012,Theme,slaughting in beth semes,null
218010001243,Biblical person,Golden calf,null
218010002035,Theme,Jesus curses the fig tree,null
218010001683,Theme,"adoration of the kings: the Wise Men present their gifts to the Christ-child (gold, frankincense and myrrh)",http://iconclass.org/73B57
218010002011,Theme,Eli unjustfull judgmen and the terrible life of his sons,null
218010001019,Theme,"Garden of Eden, paradise",http://iconclass.org/71A321
218010001855,Theme,"mockings of Christ, who may be blindfolded",http://iconclass.org/73D353
218010001925,Biblical person,Elymas,null
218010001903,Biblical person,Diciples or apostles,null
218010001187,Theme,Jacob blesseth his sons (Genesis 49),null
218010001521,Biblical person,Elishah,http://bibleontology.com/resource/Elishah
218010002012,Theme,Hanna brengt Samuel naar de tempel.,null
218010001887,Biblical person,Jesus,http://bibleontology.com/resource/Jesus
218010002016,Biblical person,Salomo,null
218010002010,Theme,Simson wil zijn vrouw bezoeken. Simson en Delila. Dood van Simson,null
218010001050,Theme,Rain upon the earth forty days and forty nights,null
218010001895,Biblical person,Jesus,http://bibleontology.com/resource/Jesus
218010002010,Theme,The angel of the Lord ascended in the flame of the altar,null
218010002035,Biblical person,Jesus,http://bibleontology.com/resource/Jesus
218010001525,Theme,Joas op zevenjarige leeftijd tot koning verklaard,null
218010001767,Theme,a dead young man restoured to life by Christ,null
218010001343,Theme,battle of the Israelites against the five Kings,null
218010001511,Theme,Elijah fed by Ravans,null
218010001095,Biblical person,Hagar,http://bibleontology.com/resource/Hagar
218010001817,Biblical person,Jesus,http://bibleontology.com/resource/Jesus
218010002011,Theme,"Naomi sends away her daughters-in-law: Orpah returns home, Ruth stays",http://iconclass.org/71F622
218010001449,Theme,Jonathan and his armour-bearer kill about twenty Philistines,http://iconclass.org/71G222
218010001683,Theme,Magiërs uit het Oosten bieden Maria en het kind geschenken aan.,null
218010001554,Theme,the prayer of Manasseh,http://iconclass.org/71L25221
218010002023,Theme,Haman entreats Ahasuerus to issue a decree that all the Jews are to be put to death; Ahasuerus consents and yields his signet-ring to Haman,http://iconclass.org/71Q45
218010001079,Theme,The circumcision of Ismael and all the males born in Abram's house,null
218010002015,Theme,"Saul's head cut off , and striped of his armour",null
218010001239,Theme,Mozes ontvangt de tien geboden op de berg Sinaï,null
218010001591,Theme,Daniël in de leeuwenkuil.,null
218010001396,Theme,Simson worden de ogen uitgestoken.,null
218010001481,Theme,David bevrijdt twee van zijn vrouwen uit de handen van de Amalekieten,null
218010001891,Biblical person,Jesus,http://bibleontology.com/resource/Jesus
218010002014,Biblical person,Abjatar,null
218010002031,Biblical person,Jesus,http://bibleontology.com/resource/Jesus
218010001937,Theme,Paul raises Eutychus to life,null
218010001763,Theme,Jesus called Matthew from the receipt of costums,null
218010002033,Biblical person,Elijah,http://bibleontology.com/resource/Elijah
218010001371,Biblical person,Yael,http://bibleontology.com/resource/Yael
218010001721,Biblical person,Jesus,http://bibleontology.com/resource/Jesus
218010001162,Biblical person,Tamar,http://bibleontology.com/resource/Tamar
218010001333,Theme,"Achan, his family and possessions (including the stolen spoils) are taken to the valley of Achor to be stoned",http://iconclass.org/71E5256
218010002021,Theme,Jerusalem and the temple burnt by Nebuchadnezzar,null
218010001333,Theme,Achan met zijn familie gestenigt en verbrandt.,null
218010002010,Biblical person,Samson,http://bibleontology.com/resource/Samson
218010001795,Biblical person,Jesus,http://bibleontology.com/resource/Jesus
218010002031,Biblical person,Joseph_(Husband of Maria),http://bibleontology.com/resource/Joseph_Husband_of_Maria
218010001027,Biblical person,Eve,http://bibleontology.com/resource/Eve
218010001908,Theme,Uitstorting van de Heilige Geest,null
218010001812,Biblical person,Jesus,http://bibleontology.com/resource/Jesus
218010002021,Theme,NEbukadnessar haalt de tempel in Jeruzalem leeg en verwoest deze.,null
218010001696,Biblical person,Maria,http://bibleontology.com/resource/Maria
218010001940,Biblical person,Petrus,null
218010001767,Biblical person,Jesus,http://bibleontology.com/resource/Jesus
218010001696,Biblical person,Joseph,http://bibleontology.com/resource/Joseph
218010001664,Theme,annunciation of Christ's birth to the shepherds (and/or shepherdesses) at night; a host of singing angels in the air,http://iconclass.org/73B14
218010002022,Theme,Cyrus let the Jewish people go up to Jerusalem,null
218010002038,Theme,"multiplication of loaves and fishes for a multitude of four or five thousand people (Matthew 14:13-21, 15:32-39; Mark 6:32-44, 8:1-10; Luke 9:10-17; John 6:1-14)",http://iconclass.org/73C612
218010001747,Theme,The Centurion's fairh,null
218010001191,Theme,Het lichaam van Jakob wordt naar Kanaän gebracht,null
218010002033,Theme,De dochter van Herodias danst op het feest van Herodus.,null
218010001131,Theme,De droom van Jacob in Betel.,null
218010001075,Biblical person,Abraham,null
218010002005,Theme,"Moses on Mount Sinai with the tables of the law (Exodus 24:9-18, 31:18)",http://iconclass.org/71E134
218010002010,Biblical person,Samson,http://bibleontology.com/resource/Samson
218010001746,Biblical person,Jesus,http://bibleontology.com/resource/Jesus
218010001397,Biblical person,Samson,http://bibleontology.com/resource/Samson
218010001683,Biblical person,Jesus,http://bibleontology.com/resource/Jesus
218010001855,Biblical person,Jezus ,null
218010001019,Theme,De tuin van Eden,null
218010001409,Biblical person,Ruth,http://bibleontology.com/resource/Ruth
218010002032,Theme,Jesus stills the tempest,null
218010001871,Biblical person,Mary_(Mother_of_Jesus),http://bibleontology.com/resource/Mary_Mother_of_Jesus
218010002028,Theme,Daniel's enemies torn apart by the lions,null
218010001882,Biblical person,Engelen,null
218010001787,Biblical person,Moses,http://bibleontology.com/resource/Moses
218010001575,Biblical person,God,null
218010002007,Theme,Aaron stripted of his garments and given to his son Eliazar,null
218010001871,Biblical person,Christ,null
218010001071,Theme,"the meeting of Abraham and Melchizedek, the high priest and king of Salem, who brings bread and wine (Genesis 14:18-20)",http://iconclass.org/71C117
218010001554,Biblical person,Josiah,http://bibleontology.com/resource/Josiah
218010001151,Biblical person,Simeon en Levi (zoons van Lea en Jacob),null
218010001311,Biblical person,Moses,http://bibleontology.com/resource/Moses
218010001380,Theme,Gideon overvalt de Midjanieten,null
218010001511,Biblical person,Raven,null
218010002014,Theme,David's flight,null
218010001554,Biblical person,Safan,null
218010001449,Biblical person,Jonathan,null
218010001751,Theme,Christ sleeping in the ship was awaked by his disciples,null
218010002010,Biblical person,Samson,http://bibleontology.com/resource/Samson
218010001384,Biblical person,Gideon,http://bibleontology.com/resource/Gideon
218010001110,Theme,De knecht van Abraham ontmoet Rebekka bij de put.,null
218010001835,Theme,Jesus finds his disciples sleeping,null
218010001609,Theme,Judethcuts off Holofernes head while he sleeps,null
218010001951,Biblical person,Jesus,http://bibleontology.com/resource/Jesus
218010002010,Biblical person,Simson,null
218010001396,Theme,the Philistines defeated ~ the secret expedition of Jonathan,http://iconclass.org/71G224
218010002021,Biblical person,Cyrus,null
218010001683,Biblical person,Jesus,http://bibleontology.com/resource/Jesus
218010001683,Biblical person,Maria,http://bibleontology.com/resource/Maria
218010002023,Biblical person,Esther,http://bibleontology.com/resource/Esther
218010001307,Theme,Moses explains promulgates the Law,null
218010002004,Theme,Ten commands given to Moses,null
218010001449,Biblical person,Jonathan,null
218010001867,Theme,Jezus aan het kruis,null
218010002022,Biblical person,Ezra,http://bibleontology.com/resource/Ezra
218010002009,Theme,Sisera killed by Jael,null
218010002010,Biblical person,Simson,null
218010001873,Biblical person,Jesus,http://bibleontology.com/resource/Jesus
218010001951,Biblical person,Johannes (apostel),null
218010001721,Theme,De bruiloft te Kana,null
218010001115,Biblical person,Abraham,null
218010001045,Theme,De verdorven wereld,null
218010001692,Biblical person,Herod's soldiers,null
218010001367,Biblical person,Eglon,null
218010001555,Theme,Ahasuerus gives his ring to Mordecai,null
218010002033,Theme,Jezus gezalft door een vrouw in Betanië,null
218010002010,Biblical person,Samson,http://bibleontology.com/resource/Samson
218010001272,Theme,"rebellion of Korah (Core), Dathan and Abiram, and their punishment (Numbers 16)",http://iconclass.org/71E317
218010001726,Theme,"appearance of Christ at the Lake of Gennesaret (Sea of Galilee, Sea of Tiberias): miraculous draught of fishes (after the Resurrection)",http://iconclass.org/73E37
218010002033,Theme,De wonderbare spijziging.,null
218010001095,Biblical person,Ismael,http://bibleontology.com/resource/Ismael
218010001191,Biblical person,Jacob,null
218010002035,Biblical person,Jesus,http://bibleontology.com/resource/Jesus
218010002008,Theme,Rahab and the spies,null
218010001763,Biblical person,Jesus,http://bibleontology.com/resource/Jesus
218010001411,Biblical person,Boaz,null
218010001718,Biblical person,John the Baptist,null
218010001033,Biblical person,Kaïn,null
218010001747,Biblical person,the faithful centurion,null
218010002032,Biblical person,Simon Petrus,null
218010002033,Biblical person,Jezus,null
218010002032,Biblical person,Jezus,null
218010001170,Theme,Pharaoh took off his ring and put it upon Joseph's hand,null
218010001887,Theme,Jesus appears to Mary,null
218010001411,Biblical person,Ruth,http://bibleontology.com/resource/Ruth
218010001779,Biblical person,Jesus,http://bibleontology.com/resource/Jesus
218010001567,Biblical person,Isaiah,http://bibleontology.com/resource/Isaiah
218010001517,Theme,Ascension of Eliah,null
218010002033,Biblical person,Jezus,null
218010002010,Theme,Samson took the door of teh gate of the city,null
218010001205,Theme,The Israelites cruel bondage in Egypt.   ,null
218010001921,Theme,Peter delivered from prison by an Angel,null
218010002032,Biblical person,Jezus,null
218010002012,Theme,philistines brought the ark to Dagons Temple,null
218010001657,Biblical person,Elisabet,null
218010002012,Biblical person,Samuel,null
218010001396,Biblical person,Simson,null
218010002032,Biblical person,Jezus,null
218010001647,Theme,annunciation of the birth of John the Baptist to Zacharias: while he is offering incense in the temple an angel (Gabriel) appears to him,http://iconclass.org/73A11
218010002003,Theme,Joseph interpreting the dreams of the butler and the baker (the two dreams combined),http://iconclass.org/71D145
218010001773,Theme,showing decapited head of John Baptiste to Herode cs ,null
218010001191,Biblical person,Jakob,null
218010001567,Biblical person,Isaiah,http://bibleontology.com/resource/Isaiah
218010002008,Biblical person,Josua,null
218010001139,Theme,Jakob en Laban sluiten een verbond,null
218010001899,Theme,Christ appeared to his disciples at the Sea of Tiberias,null
218010001831,Biblical person,Angel,null
218010001103,Biblical person,Abraham,null
218010001155,Biblical person,Judah,http://bibleontology.com/resource/Judah
218010002023,Biblical person,Esther,http://bibleontology.com/resource/Esther
218010002011,Theme,Ruth meets Boaz on the ..floor,null
218010001855,Biblical person,Jesus,http://bibleontology.com/resource/Jesus
218010001441,Biblical person,Inwoners van jabes zoeken hulp in Gibea (de stad van Saul),null
218010001887,Biblical person,Mary_(Mother_of_Jesus),http://bibleontology.com/resource/Mary_Mother_of_Jesus
218010001861,Biblical person,Simon of Cyrene,null
218010001457,Theme,David wordt door Samuël gezalfd,null
218010002035,Biblical person,Jesus,http://bibleontology.com/resource/Jesus
218010001473,Theme,"meeting of David and Abigail, who kneels before him",http://iconclass.org/71H2442
218010001378,Biblical person,Gideon,null
218010002014,Biblical person,Saul,http://bibleontology.com/resource/Saul
218010001027,Theme,God calls ,null
218010002010,Theme,Samson grinds in the prison house,null
218010002032,Biblical person,Jezus,null
218010001727,Theme,De grote visvangst.,null
218010002015,Biblical person,Saul,http://bibleontology.com/resource/Saul
218010002031,Biblical person,Jesus,http://bibleontology.com/resource/Jesus
218010001779,Theme,Vijf broden en twee vissen.,null
218010002017,Theme,crowning of Solomon,http://iconclass.org/71H8834
218010001187,Biblical person,jacob (son of Isac),null
218010001569,Biblical person,isaiah,null
218010001323,Theme,The Israelites pass over the river Jordan,null
218010001371,Biblical person,Sisera,null
218010002039,Theme,Paulus en Silas in de gevangenis.,null
218010001887,Biblical person,Jesus,http://bibleontology.com/resource/Jesus
218010001891,Theme,Christ went with two Disciples going to Emmaus,null
218010001567,Biblical person,The Lord,null
218010002006,Biblical person,Aäron,null
218010001333,Biblical person,Achan,null
218010001873,Biblical person,Josef uit Arimatea,null
218010001371,Biblical person,Barak,null
218010002005,Biblical person,Moses,http://bibleontology.com/resource/Moses
218010002033,Biblical person,Herodias,null
218010002015,Theme,David and all the men of Israel play before the Lord on all manner of instrunebts,null
218010002038,Biblical person,Jesus,http://bibleontology.com/resource/Jesus
218010001095,Theme,the banishment of Hagar and Ishmael (Genesis 21:9-21),http://iconclass.org/71C128
218010002007,Biblical person,Aäron,null
218010002039,Theme,Soldaten brengen Paulus naar Antipatris.,null
218010002033,Theme,Onthoofding van Johannes de Doper,null
218010001413,Theme,Ruth gleans in the fields of Boaz,null
218010001773,Biblical person,dochter van Herodias,null
218010001665,Theme,the announcement of Christ's birth (Luke 1:26-38),http://iconclass.org/73A5
218010001411,Theme,Ruth meets Boaz,null
218010002018,Biblical person,Elias,null
218010002017,Theme,Th temple burnt and plundered,null
218010002033,Theme,Petrus krijgt opdracht van Jezus om zijn hengel uit te gooien.,null
218010001501,Theme,Oordeel van Salomo over het dode kind,null
218010001609,Biblical person,Holofernes,null
218010002033,Biblical person,de dochter van Herodias,null
218010001651,Biblical person,Mary_(Mother_of_Jesus),http://bibleontology.com/resource/Mary_Mother_of_Jesus
218010001115,Biblical person,Abraham,null
218010001343,Biblical person,Joshua,http://bibleontology.com/resource/Joshua
218010002007,Theme,Bileam en Balak,null
218010002008,Biblical person,twee verspieders,null
218010002038,Biblical person,Jesus,http://bibleontology.com/resource/Jesus
218010001529,Theme,Sanheribs leger verslagen.,null
218010001139,Theme,Laban and Jacob make a covenant together,null
218010001795,Theme,Martha complains to Christ about Mary,http://iconclass.org/73C72232
218010002037,Theme,jesus crucified,null
218010001543,Theme,Chanun scheert de baarden af van Davids afgezanten en scheurt de onderkant van hun kleren af tot op hun achterwerk,null
218010001569,Theme,De roeping van Jesaja,null
218010002015,Biblical person,David,null
218010001727,Biblical person,vissers,null
218010001750,Theme,A nobleman came to Jesus and besought him to heal his son,null
218010001210,Biblical person,Moses,http://bibleontology.com/resource/Moses
218010001831,Biblical person,Christ,null
218010002004,Biblical person,Mozes,null
218010001051,Theme,De zondvloed,null
218010001371,Biblical person,Jael,null
218010002032,Biblical person,Jezus,null
218010002014,Theme,Saul in the cave,null
218010001167,Theme,De droom van de farao door Jozef uitgelegd.,null
218010001033,Biblical person,Abel,null
218010001773,Biblical person,Johannes de Doper,null
218010001528,Theme,Holy scenes,null
218010002023,Biblical person,Haman,http://bibleontology.com/resource/Haman
218010002018,Theme,"Baes builds Rama, Simri kills Baesa, Simri burns himself, Achab marries Jezubel, Elias predicts hunger ",null
218010001605,Biblical person,Susanna,null
218010001351,Biblical person,Josua and Eleazar,null
218010001297,Biblical person,"Ewi, Rekem, Sur, Chur en Reba",null
218010002015,Theme,They brought the head of Ish- boshet unto David to Hebron,null
218010001746,Biblical person,Jesus,http://bibleontology.com/resource/Jesus
218010002011,Theme, The sins of Eli's sons and their punishment,null
218010001812,Theme,sending for the ass ~ Christ's entry into Jerusalem,http://iconclass.org/73D141
218010002038,Biblical person,Jesus,http://bibleontology.com/resource/Jesus
218010001683,Biblical person,Mary_(Mother_of_Jesus),http://bibleontology.com/resource/Mary_Mother_of_Jesus
218010001555,Biblical person,Mordecai,http://bibleontology.com/resource/Mordecai
218010002004,Biblical person,Mozes,null
218010001224,Theme,Exodus 14:23,null
218010002003,Biblical person,Pharaoh,http://bibleontology.com/resource/Pharaoh
218010001795,Biblical person,Maria (Zus van Martha),null
218010001019,Biblical person,Eve,http://bibleontology.com/resource/Eve
218010002010,Biblical person,Simson ,null
218010001498,Theme,both mothers come before Solomon ~ the judgement of Solomon,http://iconclass.org/71I324
218010002021,Theme,Cyrus proclaims the end of the Babylonian Captivity and orders a temple to be built in Jerusalem,http://iconclass.org/71R112
218010002012,Theme,De omzwervingen van de ark,null
218010001167,Biblical person,pharao king of Egypt,null
218010001461,Theme,David kills Goliath,null
218010002031,Biblical person,Jesus,http://bibleontology.com/resource/Jesus
218010002028,Theme,Daniel's first vision (Daniel 7),http://iconclass.org/71P51
218010001127,Biblical person,Isaac,http://bibleontology.com/resource/Isaac
218010001507,Theme,The man of God slain by a Lion for his disobedience,null
218010001735,Biblical person,Nicodemus,null
218010001033,Biblical person,Abel,null
218010001063,Theme,Abram and Lot depart out of Haran,null
218010001528,Biblical person,Engelen,null
218010002015,Biblical person,David,null
218010001445,Biblical person,Samuel,http://bibleontology.com/resource/Samuel
218010002008,Biblical person,Rahab,http://bibleontology.com/resource/Rahab
218010002004,Biblical person,Moses,http://bibleontology.com/resource/Moses
218010001239,Biblical person,Mozes,null
218010001921,Biblical person,Petrus,null
218010002011,Theme,Hannah unjustful judged by Eli,null
218010001297,Theme,De vijf koningen van de Midianieten gedood.,null
218010002018,Theme,"Elias fed by the ravens, Elias revives a child, Elias prays for rain, ",null
218010001095,Biblical person,Abraham,null
218010002031,Theme,Johannes doopt,null
218010001951,Theme,The vision of John seeing Jezus Christ standing between seven candle holders en with seven stars in his right hand,null
218010001759,Theme,De verlamde man ,null
218010001750,Theme,"the centurion of Capernaum, kneeling before Christ, begs him to heal his paralytic servant (or son) (Matthew 8:5-13; Luke 7:1-10; John 4:46-54)",http://iconclass.org/73C423
218010001453,Theme,Samuel onthooft koning Agag van Amalek,null
218010001799,Theme,Jezus en de overspelige vrouw,null
218010002005,Theme,the people bring their golden ear-rings to Aaron,http://iconclass.org/71E13511
218010002014,Theme,murder of the priests,null
218010001050,Theme,the Flood and destruction of mankind ~ story of Noah (Genesis 7:10 - 8:17),http://iconclass.org/71B33
218010001445,Biblical person,Samuel,null
218010001389,Biblical person,dochter van Jefta,null
218010002003,Biblical person,Pharaoh,http://bibleontology.com/resource/Pharaoh
218010002017,Theme,Beroving van de tempelschatten en het in brand steken ervan door de koning van de Chaldeeën.,null
218010002039,Theme,Eutychus valt uit het raam tijdens een preek van Paulus.,null
218010002014,Biblical person,David,null
218010001683,Theme,Matthew 2: 11,null
218010001079,Biblical person,Ismaël,null
218010001191,Theme,Jacobs body carried into Canaän t be buried.,null
218010001577,Biblical person,Ezekiel,http://bibleontology.com/resource/Ezekiel
218010001696,Biblical person,Maria mother of Jesus,null
218010001521,Biblical person,Naaman,http://bibleontology.com/resource/Naaman
218010001687,Biblical person,Mary_(Mother_of_Jesus),http://bibleontology.com/resource/Mary_Mother_of_Jesus
218010001363,Theme,Adoni-bezek is caught; his thumbs and his great toes are cut off,http://iconclass.org/71F1112
218010001027,Biblical person,Eve,http://bibleontology.com/resource/Eve
218010001591,Biblical person,Daniël,null
218010001787,Biblical person,Eliahu,null
218010001195,Biblical person,Moses,http://bibleontology.com/resource/Moses
218010001473,Biblical person,Abigae,null
218010001477,Theme,Saul with the witch of Endor,http://iconclass.org/71H315
218010001609,Biblical person,Judith,null
218010001449,Theme,Jonathan and his armour-bearer kill about twenty Philistines,http://iconclass.org/71G222
218010001713,Biblical person,Jesus,null
218010001351,Theme,Jozua verdeelt het grondgebied over de stammen door middel van loting,null
218010001567,Biblical person,God,null
218010001735,Theme,Jezus in gesprek met Nicodemus,null
218010002017,Theme,burning and plundering of the temple,null
218010002032,Theme,Jezus geneest een man met huidvraat.,null
218010001166,Theme,Josef verzamelt graan om op te slaan,null
218010001675,Biblical person,Jesus,http://bibleontology.com/resource/Jesus
218010001895,Biblical person,Thomas,null
218010002037,Theme,the supper at Emmaus: Christ is recognized while blessing or breaking the bread,http://iconclass.org/73E343
218010002016,Theme,Joab killed by Benaiah,http://iconclass.org/71I234
218010001826,Theme,the episode of the Last Supper,http://iconclass.org/73D2
218010001174,Theme,The brothers tell Jacob that Josph is alive,null
218010001675,Theme,The circumcision of Christ,null
218010002039,Theme,Visioen van Paulus,null
218010001187,Biblical person,Jakob,null
218010001817,Theme,Christ (in the temple) in debate with Pharisees about the tribute to Caesar (Matthew 22:15-22; Mark 12:13-17; Luke 20:20-26),http://iconclass.org/73C72473
218010001657,Theme,Mary and Elisabeth shaking hands,http://iconclass.org/73A623
218010001605,Biblical person,susanna,null
218010002014,Theme,Jonathan's arrow,null
218010002032,Theme,Jezus roept Matteüs,null
218010001735,Theme,Christ talking with Nicodemus at night (John 3:1-21),http://iconclass.org/73C7216
218010002032,Theme,Jezus kalmeert het woeste water op het meer van Galilea.,null
218010001903,Theme,Christ's ascension,null
218010001908,Theme,the Holy Ghost going out from God the Father (or God the Father present),http://iconclass.org/73E51
218010001891,Biblical person,Christ,null
218010002035,Theme,Christ is carried into his grave,null
218010001575,Theme,Ezekiel's vision of God's entry into the temple; Ezekiel falls to the ground,http://iconclass.org/71O9342
218010001887,Theme,"Chrisus verschijnt (als ""tuinman') aan Maria (Johannes 20:14-15)",null
218010002004,Biblical person,Joseph,http://bibleontology.com/resource/Joseph
218010002003,Biblical person,Egyptische prinses,null
218010001787,Biblical person,Jezus,null
218010001195,Theme,Moses drawn out of the water,null
218010002040,Biblical person,Johannes,null
218010002031,Biblical person,Joseph_(Husband of Maria),http://bibleontology.com/resource/Joseph_Husband_of_Maria
218010001718,Biblical person,Jesus,http://bibleontology.com/resource/Jesus
218010001555,Biblical person,Mordecai,http://bibleontology.com/resource/Mordecai
218010001839,Biblical person,caiaphas,null
218010001945,Biblical person,Paul,null
218010001739,Biblical person,Samaritaanse vrouw,null
218010002010,Biblical person,Delila,null
218010001151,Biblical person,Chamor en Sichem,null
218010001647,Biblical person,Angle,null
218010001813,Theme,Jesus enters Jerusalem,null
218010001735,Theme,Christ talking with Nicodemus at night (John 3:1-21),http://iconclass.org/73C7216
218010002033,Theme,"John the Baptist beheaded (Mt.14,10)",null
218010002005,Biblical person,Moses,http://bibleontology.com/resource/Moses
218010001179,Biblical person,josef son of jacob,null
218010002037,Biblical person,Een centurio,null
218010001873,Biblical person,Jesus,http://bibleontology.com/resource/Jesus
218010002038,Biblical person,Jesus,http://bibleontology.com/resource/Jesus
218010001683,Biblical person,Joseph_(Husband of Maria),http://bibleontology.com/resource/Joseph_Husband_of_Maria
218010001449,Theme,Jonathan in gevecht met Filistijnen,null
218010001812,Theme,Christ's ridingin triumpf into Jerusalem,null
218010001210,Theme,Mozes en Aäron bij de Farao,null
218010002011,Theme,Eli drops dead in front of Samuel,null
218010002025,Biblical person,Solomon,null
218010001210,Biblical person,Moses,http://bibleontology.com/resource/Moses
218010001747,Biblical person,Romeinse centurion,null
218010001554,Biblical person,Manasse (Koning van Juda) ,null
218010001609,Biblical person,Judeth,null
218010001045,Theme,The earth was corrupt before God and filled with violance,null
218010002014,Theme,David and the priest and the hallowed bread,null
218010001651,Biblical person,Mary_(Mother_of_Jesus),http://bibleontology.com/resource/Mary_Mother_of_Jesus
218010001539,Theme,Nebuzaradan verwoest Jeruzalem,null
218010002014,Biblical person,Jonathan,null
218010001255,Biblical person,Abihu (zoon van Aäron),null
218010001027,Theme,God calls Adam and Eve to account for their deed,http://iconclass.org/71A521
218010002035,Biblical person,Jesus,http://bibleontology.com/resource/Jesus
218010002039,Biblical person,Silas,null
218010002033,Theme,Peter saved by Jesus while sinking in the sea,null
218010001551,Biblical person,Manassah,null
218010002022,Theme,The foundation of the temple laid,null
218010001095,Biblical person,Ismael,http://bibleontology.com/resource/Ismael
218010001951,Biblical person,"Johannes, evangelist",null
218010001750,Biblical person,nobleman,null
218010002022,Biblical person,Artaxerxes,null
218010001303,Theme,oblation out of the spoils of the Midiates,null
218010001861,Theme,Simeon of Cyrene bears the cross of Jesus Christ,null
218010001337,Biblical person,Chiwwieten,null
218010001867,Biblical person,Mary_(Mother_of_Jesus),http://bibleontology.com/resource/Mary_Mother_of_Jesus
218010001605,Theme,Susanna vals beschuldigd,null
218010002033,Theme,Jezus verheerlijkt op de berg,null
218010001675,Theme,De besnijdenis van Jezus.,null
218010001342,Theme,Joshua orders the sun and the moon to stand still over Gibeon and Aijalon until the Amorites who had besieged the city of Gibeon are routed,http://iconclass.org/71E52942
218010002038,Biblical person,Jesus,http://bibleontology.com/resource/Jesus
218010001951,Biblical person,Jesus,http://bibleontology.com/resource/Jesus
218010001210,Biblical person,Aaron,null
218010001867,Biblical person,Johannes,null
218010001363,Theme,Judeeërs hakken de duimen en zijn grote tenen af bij Abinobezek.,null
218010001787,Biblical person,Mozes,null
218010002014,Biblical person,Achimelech,null
218010001883,Theme,Christ's resurrection is declared by an angel to the women,null
218010002008,Biblical person,Achan,null
218010001720,Theme,De bruiloft te Kana,null
218010001687,Theme,Joseph and Maria and Jesus escape to Egypt,null
218010001521,Biblical person,bedienden,null
218010002031,Theme,Jozef krijgt een opdracht van een engel in een droom,null
218010001210,Theme,Moses and Aaron before Pharaoh,null
218010001131,Theme,Jacob's ladder,null
218010001831,Biblical person,Jesus,http://bibleontology.com/resource/Jesus
218010001162,Theme,story of Judah and Tamar (Genesis 38),http://iconclass.org/71C332
218010002014,Biblical person,David,null
218010001130,Biblical person,Esau,http://bibleontology.com/resource/Esau
218010002008,Biblical person,Achan en zijn gehele huis ,null
218010002011,Theme,Naomi complains her situation,null
218010001539,Theme,Jerusalum burn't by Nebuzar-adan,null
218010001664,Theme,De aankondiging van de geboorte van Jezus aan de herders,null
218010001155,Biblical person,Joseph,http://bibleontology.com/resource/Joseph
218010002008,Theme,Spionnen in Jericho. Overtocht over de Jordaan.,null
218010001867,Biblical person,Mary_(Mother_of_Jesus),http://bibleontology.com/resource/Mary_Mother_of_Jesus
218010001038,Biblical person,Cain,null
218010001878,Biblical person,christ,null
218010002003,Biblical person,Aäron,null
218010002005,Theme,God gives Moses two stone tables,null
218010001882,Theme,Holy scenes,null
218010001243,Biblical person,Aaron,null
218010001303,Theme,De veroverde gouden voorwerpen van de Midjanieten,null
218010001437,Biblical person,Saul,http://bibleontology.com/resource/Saul
218010001575,Biblical person,Ezekiel,http://bibleontology.com/resource/Ezekiel
218010001211,Biblical person,Moses,http://bibleontology.com/resource/Moses
218010002006,Theme,the sin of Nadab and Abihu (Leviticus 10:1-7),http://iconclass.org/71E23
218010001110,Biblical person,The servant of Abraham,null
218010001878,Theme,The resurrection of Christ,null
218010002021,Theme,"destruction of the temple by Nebucadnezar (2Chron.36,17)",null
218010002038,Biblical person,Johannes de Doper,null
218010001951,Theme,The vision of the seven candle sticks,null
218010001867,Theme,The crucification of Christ,null
218010002010,Biblical person,Samson,http://bibleontology.com/resource/Samson
218010001799,Biblical person,Jesus,http://bibleontology.com/resource/Jesus
218010001307,Biblical person,Moses,null
218010001692,Theme,De kindermoord in Betlehem,null
218010001238,Theme,Mozes krijgt de tien geboden van God op de berg Sinaï ,null
218010001581,Theme,De droom van Nebukadnezar,null
218010001831,Biblical person,Jesus,http://bibleontology.com/resource/Jesus
218010001773,Biblical person,John the Baptist,null
218010001555,Biblical person,Ahasveros,null
218010001739,Theme,Jesus and the woman of Samaria,null
218010002004,Biblical person,Mozes,null
218010001163,Biblical person,Wife op Potiphar,null
218010001827,Theme,The last meal of Jesus,null
218010001174,Biblical person,Jacob,null
218010001044,Theme,The earthe was corrupt before God and filled with Violence,null
218010002035,Biblical person,High priest,null
218010001555,Biblical person,Mordecai,null
218010001249,Theme,The tabernacle with the holy vases,null
218010001437,Biblical person,saul,null
218010002033,Biblical person,John the Baptist,null
218010001675,Biblical person,Christ,null
218010001103,Biblical person,Abraham,null
218010002037,Biblical person,Kleopas,null
218010002023,Theme,Esther crowned by Ahasuerus,null
218010002025,Theme,the book of Proverbs (with BOOK CHAPTER:VERSE),http://iconclass.org/71Y1%28...%29
218010002005,Biblical person,Moses,http://bibleontology.com/resource/Moses
218010001027,Theme,God calls Adam and said: where are you?,null
218010001867,Biblical person,Jesus,http://bibleontology.com/resource/Jesus
218010001555,Biblical person,Esther,http://bibleontology.com/resource/Esther
218010001027,Theme,Genesis 3:9,null
218010001913,Biblical person,Stefanus,null
218010001921,Theme,"an angel appears, summoning Peter to wake up ~ Peter in prison",http://iconclass.org/73F2143
218010001817,Theme,the tribute money,null
218010001400,Biblical person,samson,null
218010001581,Biblical person,Nebuchadnezzar,http://bibleontology.com/resource/Nebuchadnezzar
218010001297,Theme,Five kings of Median slain by Israel,null
218010001095,Biblical person,abraham,null
218010001747,Theme,De gelovige hoofdman,null
218010001063,Biblical person,Abram,null
218010002023,Theme,"Mordecai rends his clothes, covers himself with sackcloth and ashes, walks through the city wailing bitterly, and stops before the palace entrance",http://iconclass.org/71Q51
218010001095,Biblical person,Sarah,http://bibleontology.com/resource/Sarah
218010001534,Theme,The reformation made by King Josiah,null
218010001167,Biblical person,Joseph,http://bibleontology.com/resource/Joseph
218010002005,Theme,Moses receives the tables of the law from God,http://iconclass.org/71E1343
218010001449,Biblical person,Jonathan,null
218010002038,Biblical person,zieke man in Bethesda,null
218010001032,Theme,Adam zwoegt op de akker om voedsel te verkrijgen.,null
218010001045,Theme,In Noachs tijd verdorven losbandigheid (Genesis 6:11),null
218010002015,Theme,the woman at En- dor that hath a familiar spirit- Sam 28: 12,null
218010002035,Theme,Christ prays in the garden of Gethsemané,null
218010001727,Theme,De wonderbare visvangst (Lucas 5:5-7),null
218010001481,Theme,David rescueshis wife and recovered all the spoil from the Amelekites.,null
218010002011,Theme,Eli and the prophesie of Samuel on the judgment of his sons,null
218010001620,Biblical person,Eleazar Maccabeus,null
218010002004,Theme,"The Israelites go out of Egypt, passage of the Red Sea",null
218010001378,Biblical person,Angel,null
218010001555,Biblical person,Ester,null
218010002004,Theme,Amelekis overcome,null
218010002005,Biblical person,Aäron,null
218010001400,Biblical person,Simson,null
218010001511,Biblical person,Rivier de Kerit (Cherith brook),null
218010002021,Biblical person,Cyrus,null
218010001675,Biblical person,Jezus,null
218010002010,Theme,Samson bounded with withes  (wilgentenen),null
218010001603,Biblical person,Dienstmaagd,null
218010002033,Theme,the Transfiguration: Moses and Elijah appear on either side of Christ on Mount Tabor (Matthew 17:1-13; Mark 9:2-13; Luke 9:28-36),http://iconclass.org/73C713
218010001123,Theme,Isaac and Abimelech swear an oath of friendship to each other,null
218010002010,Biblical person,Simson,null
218010002015,Theme,The crown of gold and precious stones was set on David's head,null
218010002008,Theme,Vernietiging van Jericho. Achan stort Israël in het ongeluk.,null
218010001195,Theme,Exodus 2: 3-6,null
218010001543,Biblical person,"Chanun (zoon van Nachas), koning van de Ammonieten",null
218010001167,Biblical person,josef son of Isaac,null
218010001219,Theme,The Egyptian first born destroyed,null
218010001940,Theme,Paulus neemt afscheid van de gemeente Efeze,null
218010002039,Biblical person,Paulus,null
218010001075,Biblical person,Abram,null
218010001110,Biblical person,Eliezer_(Son of_Jorim),http://bibleontology.com/resource/Eliezer_Son_of_Jorim
218010002033,Biblical person,Petrus,null
218010002010,Biblical person,Samson,http://bibleontology.com/resource/Samson
218010002039,Biblical person,Eutychus,null
218010001873,Theme,christ buried,null
218010001413,Theme,Ruth gleaning,http://iconclass.org/71F641
218010002022,Theme,"Builders of the wall, in one hand a burden , in the other hand a weapon",null
218010002016,Theme,The withered hand,null
218010001127,Theme,"Isaac lying in bed blesses Jacob who, disguised in Esau's clothes, brings food to his father; Jacob's hands and neck are covered with goatskins",http://iconclass.org/71C274
218010001913,Biblical person,Stefanus,null
218010002016,Theme,Solomon and the queen of Sheba (1 Kings 10:1-3; 2 Chronicles 9:1-9),http://iconclass.org/71I33
218010001941,Biblical person,Agabus,null
218010001400,Biblical person,samson,null
218010001827,Theme,Het laatste avondmaal,null
218010002004,Biblical person,God,null
218010002012,Biblical person,Elkanah,http://bibleontology.com/resource/Elkanah
218010002004,Theme,The Israelites go out of Egypt ,null
218010002035,Biblical person,Jesus,http://bibleontology.com/resource/Jesus
218010001019,Theme,"Garden of Eden, paradise",http://iconclass.org/71A321
218010002014,Biblical person,Doëg,null
218010002021,Theme,God speaks to Cyrus,http://iconclass.org/71R111
218010001087,Biblical person,Lot,http://bibleontology.com/resource/Lot
218010002018,Biblical person,Elias,null
218010001385,Theme,Abimelech door een molensteen vanaf de toren gedood,null
218010001887,Biblical person,Jesus,http://bibleontology.com/resource/Jesus
218010001255,Biblical person,Nadab,null
218010001032,Biblical person,Adam,null
218010001687,Biblical person,Jesus,http://bibleontology.com/resource/Jesus
218010002012,Biblical person,Samuel,http://bibleontology.com/resource/Samuel
218010002039,Biblical person,Paulus,null
218010001555,Theme,"Mordecai before Ahasuerus, who gives him his signet-ring",http://iconclass.org/71Q81
218010002031,Theme,Herodes laat alle jonge jongetjes doden,null
218010001255,Biblical person,Aäron,null
218010002011,Theme,Boaz in the gate with the ten elders of the city.,null
218010001400,Theme,Simson verscheurt een leeuw.,null
218010001921,Biblical person,Peter ,null
218010001700,Biblical person,Jesus,http://bibleontology.com/resource/Jesus
218010002007,Biblical person,Bileam,null
218010001359,Theme,Het volk belooft de Heer van Israël te dienen.,null
218010001831,Theme,Jezus in doodsangst,null
218010001759,Biblical person,verlamde man,null
218010001773,Theme,Salome is given the head of John the Baptist by the executioner,http://iconclass.org/73C1334
218010002033,Biblical person,Jesus,http://bibleontology.com/resource/Jesus
218010002032,Biblical person,Johannes de Doper,null
218010001718,Theme,Johannes doopt Jezus in de Jordaan,null
218010001498,Biblical person,Solomon,http://bibleontology.com/resource/Solomon
218010001224,Theme,Pharaoh and his army engulfed in the Red Sea (Israelites not or barely visible),http://iconclass.org/71E12231
218010002011,Theme,Ruth,null
218010001437,Biblical person,Saul,http://bibleontology.com/resource/Saul
218010001163,Biblical person,vrouw van Potifar,null
218010001720,Theme,Marriage in Cana of Galilee,null
218010001186,Biblical person,duivel,null
218010002035,Theme,Christ's entry into Jerusalem,null
218010001883,Theme,Vrouwen aan het graf van Jezus,null
218010001929,Theme,Paulus en Silas in de gevangenis.,null
218010002032,Biblical person,Jesus,http://bibleontology.com/resource/Jesus
218010002010,Theme,Samson tears apart a lion,null
218010001626,Theme,De marteldood van zeven broers en hun moeder,null
218010002010,Biblical person,Simson,null
218010001683,Theme,"adoration of the kings: the Wise Men present their gifts to the Christ-child (gold, frankincense and myrrh)",http://iconclass.org/73B57
218010001367,Theme,"Eglon, de koning van de Moabieten, gedood door Ehud",null
218010001371,Biblical person,Barak,null
218010002016,Theme,Salomo's judgement,null
218010001404,Theme,The Benjamites forcibly seize the daughters of Israel,null
218010001603,Biblical person,Sara (dochter van Raguël),null
218010001739,Biblical person,Woman of Samaria,null
218010001555,Biblical person,Morde,null
218010001551,Theme,Manassah'staken capture,null
218010001032,Theme,In sorrow you shall eat of the  ground all the days of your life- curse of Adam,null
218010001835,Biblical person,Jesus,http://bibleontology.com/resource/Jesus
218010002035,Theme,Christ accused,null
218010001032,Biblical person,Adam,null
218010001453,Biblical person,Samuel,http://bibleontology.com/resource/Samuel
218010001163,Biblical person,Joseph,http://bibleontology.com/resource/Joseph
218010001941,Theme,"the arrest of Paul in Jerusalem is foretold by Agabus, who binds his own hands and feet with Paul's girdle",http://iconclass.org/73F223541
218010001166,Theme,-,null
218010001891,Biblical person,Kleopas,null
218010001873,Theme,Josef van Arimatea legt het lichaam van Jezus in het nieuwe rotsgraf.,null
218010002007,Biblical person,Bileam (zoon van Beor),null
218010001311,Biblical person,Joshua,http://bibleontology.com/resource/Joshua
218010002033,Theme,Petrus door Jezus uit het water gered.,null
218010002035,Biblical person,Jesus,http://bibleontology.com/resource/Jesus
218010001429,Theme,the Ark of the Covenant returned to Israel,http://iconclass.org/71F836
218010001795,Biblical person,Martha,null
218010001929,Biblical person,paul,null
218010001162,Theme,Tamar is zwanger van haar schoonvader Juda,null
218010001071,Theme,"Melchisedek, koning van Salem, zegent Abraham",null
218010001079,Biblical person,Abraham,null
218010001657,Biblical person,Maria,http://bibleontology.com/resource/Maria
218010001457,Biblical person,David,null
218010001378,Theme,Gideon and the angel of the Lord (Judges 6:11-24),http://iconclass.org/71F212
218010001799,Theme,The woman taken in adultery,null
218010001903,Biblical person,Jesus,http://bibleontology.com/resource/Jesus
218010001555,Biblical person,Est,null
218010001586,Biblical person,Nebuchadnezzar,http://bibleontology.com/resource/Nebuchadnezzar
218010001778,Theme,A great multitude fed with five loaves and two fishes,null
218010001835,Biblical person,Jesus,http://bibleontology.com/resource/Jesus
218010001787,Biblical person,christ,null
218010001791,Biblical person,Samaritaan,null
218010002028,Theme,Daniel's vision of the ram and the he goat,null
218010001883,Biblical person,"Maria uit Magdala, Maria en nog een vrouw",null
218010001787,Biblical person,Elijah,http://bibleontology.com/resource/Elijah
218010002038,Biblical person,Nicodemus,null
218010001779,Theme,a great multitude was feeded by five loaves,null
218010002005,Biblical person,Aäron,null
218010001239,Theme,The Lord gives The Ten Commandments on the mount of Sinai,null
218010001303,Biblical person,Eleazar,http://bibleontology.com/resource/Eleazar
218010002037,Biblical person,Jesus,http://bibleontology.com/resource/Jesus
218010002010,Biblical person,Samson,http://bibleontology.com/resource/Samson
218010002018,Biblical person,Achab,null
218010001437,Theme,Saul's heart is changed,null
218010001259,Theme,stoning,null
218010001389,Biblical person,jephthah'daughter,null
218010001355,Biblical person,Phinehas,http://bibleontology.com/resource/Phinehas
218010001469,Theme,David shewed Saul the skirt of his robe,null
218010001521,Biblical person,Elisa,null
218010001155,Theme,Jozefs broers verkopen hem aan de Ismaëlieten.,null
218010001511,Biblical person,Elia (profeet),null
218010001371,Biblical person,Sisera,null
218010002031,Biblical person,Jesus,http://bibleontology.com/resource/Jesus
218010002011,Theme,Ruth meets Boaz in his fields,null
218010002004,Biblical person,Mozes,null
218010001679,Biblical person,Jesus,http://bibleontology.com/resource/Jesus
218010001787,Theme,the Transfiguration: Moses and Elijah appear on either side of Christ on Mount Tabor (Matthew 17:1-13; Mark 9:2-13; Luke 9:28-36),http://iconclass.org/73C713
218010002005,Theme,"adoration of the golden calf (which may be standing on a pillar, and is sometimes depicted as a dragon)",http://iconclass.org/71E1353
218010002032,Theme,Jesus tempted by the devil,null
218010002031,Theme,Christelijke deugden.,null
218010001799,Biblical person,John the baptist,null
218010001692,Theme,Herod's cruelty against the children in Bethelem,null
218010002033,Biblical person,Petrus,null
218010001534,Theme,Reformations of king Josiah,null
218010001721,Biblical person,Mary_(Mother_of_Jesus),http://bibleontology.com/resource/Mary_Mother_of_Jesus
218010002011,Theme,Dead of Eli,null
218010001701,Biblical person,Johannes de Doper,null
218010001259,Theme,the blasphemer's punishment (Leviticus 24:10-23),http://iconclass.org/71E24
218010002012,Theme,the statue of Dagon in Ashdod falls down,http://iconclass.org/71F83511
218010002033,Biblical person,Peter,null
218010001143,Biblical person,jacob,null
218010001143,Biblical person,Jacob_(Son_of_Matthan),http://bibleontology.com/resource/Jacob_Son_of_Matthan
218010002014,Biblical person,Michal,http://bibleontology.com/resource/Michal
218010002012,Biblical person,Samuel,http://bibleontology.com/resource/Samuel
218010001860,Biblical person,Jesus,http://bibleontology.com/resource/Jesus
218010002038,Theme,Christ and the woman of Samaria: sitting at Jacob's well he asks her for a drink from her jug,http://iconclass.org/73C72212
218010001937,Biblical person,Paul,null
218010002037,Biblical person,jesus,null
218010002022,Biblical person,Cyrus,null
218010001389,Biblical person,Jephthah,http://bibleontology.com/resource/Jephthah
218010001538,Theme,"Little angels, puti's",null
218010001909,Theme,Sending of the Holy Spirit,null
218010001555,Biblical person,Mordecai,http://bibleontology.com/resource/Mordecai
218010002031,Theme,Sayings of Christ (Matthew),null
218010002039,Theme,Schipbreuk bij Malta,null
218010001827,Biblical person,Jesus,http://bibleontology.com/resource/Jesus
218010001539,Biblical person,Nebuzaradan,null
218010001297,Theme,Kings of Midian killed,null
218010001739,Theme,Jesus and the woman of Samaria,null
218010001210,Biblical person,Pharaoh,http://bibleontology.com/resource/Pharaoh
218010001727,Biblical person,Jesus,http://bibleontology.com/resource/Jesus
218010001032,Biblical person,Abel,null
218010001038,Theme,"Cain, where is Abel your brother?",null
218010001503,Theme,Achia voorzegt de scheuring van Salomo's koninkrijk,null
218010002015,Biblical person,Samuel,http://bibleontology.com/resource/Samuel
218010001050,Theme,Deluge,null
218010001835,Theme,Christ and his apostles on the Mount of Olives,http://iconclass.org/73E4
218010001131,Biblical person,Jacob,null
218010001567,Biblical person,Isaiah,http://bibleontology.com/resource/Isaiah
218010001555,Theme,Ahasveros geeft Mordechai de zegelring,null
218010001385,Theme,Abimelech killed by a millstone,null
218010001903,Theme,Christ's ascension into heaven,null
218010001498,Theme,Het oordeel van Salomo,null
218010002033,Biblical person,Jesus,http://bibleontology.com/resource/Jesus
218010002032,Biblical person,Jezus,null
218010002005,Theme,De stenen platen geschonken. Het gouden stierkalf. Mozes brengt twee nieuwe stenen platen. Vaklieden aan het werk.,null
218010002038,Theme,"An angel stirred the water, the first man who stepped in will be cured of his desease",null
218010001110,Theme,Rebekah offers Eliezer a drink from her pitcher,http://iconclass.org/71C21311
218010002011,Theme,Ruth Naomi complains her situation,null
218010001303,Biblical person,Mozes,null
218010001626,Theme,Cruelty towards the seven brothers,null
218010001871,Theme,The burial of Christ,null
218010001657,Theme,Maria en Elisabet,null
218010001205,Theme,oppression of the Israelites in Egypt (Exodus 1),http://iconclass.org/71E111
218010002012,Theme,Dagon was f before the ark,null
218010001925,Biblical person,Paulus,null
218010001095,Theme,the banishment of Hagar and Ishmael (Genesis 21:9-21),http://iconclass.org/71C128
218010002017,Theme,Solomon buids the temple,null
218010001075,Theme,A deep sleep fell upon Abram and an horror seizes him,null
218010002010,Biblical person,simson,null
218010002033,Biblical person,Jesus,http://bibleontology.com/resource/Jesus
218010002037,Biblical person,Jesus,http://bibleontology.com/resource/Jesus
218010001651,Theme,The annunciation of thr virgin Mary,null
218010002018,Biblical person,Elias,null
218010002015,Biblical person,Chanun,null
218010001355,Theme,"De stam van Ruben, Gad en de eerste helft van de stam van Manasse leggen uit waarom ze een altaar hebben gebouwd.",null
218010001103,Theme,Abraham koopt de grot van Machpela,null
218010002039,Biblical person,Paulus,null
218010001587,Theme,Three man in the oven,null
218010002031,Biblical person,Jesus,http://bibleontology.com/resource/Jesus
218010001609,Theme,Judith's execution of Holofernes (Judith 13:4-8),null
218010001019,Biblical person,Adam,null
218010001127,Biblical person,Jacob,null
218010001591,Biblical person,daniel in the days of Nebuchadnezzar,null
218010001201,Biblical person,Moses,http://bibleontology.com/resource/Moses
218010002010,Biblical person,Samson,http://bibleontology.com/resource/Samson
218010001795,Biblical person,Jesus,http://bibleontology.com/resource/Jesus
218010002016,Theme,jerob talks to Ahia,null
218010001095,Biblical person,Abraham (aartsvader),null
218010002032,Theme,Jezus roept Simon (Petrus) en zijn broer Andreas om hem te volgen.,null
218010001163,Theme,Jozef en de vrouw van Potifar,null
218010002003,Theme,Joseph makes himself known unto his brothers,null
218010001521,Theme,Naaman's gift refused by Elisha,null
218010001095,Biblical person,Ismael,http://bibleontology.com/resource/Ismael
218010002023,Biblical person,Mordecai,http://bibleontology.com/resource/Mordecai
218010001151,Biblical person,Dina (dochter van Lea en Jacob),null
218010001543,Biblical person,Dienaar van David,null
218010001143,Biblical person,jacob,null
218010001575,Theme,Ezekiel's prophecies,http://iconclass.org/71O95
218010001917,Theme,Saul's conversion,null
218010001525,Biblical person,Jehoash,null
218010002014,Biblical person,Abichaïl,null
218010002037,Biblical person,petrus,null
218010002010,Theme,An angel appears to Manoah's wife,null
218010001457,Biblical person,david son of Jess,null
218010002032,Theme,"Een vrouw, die al twaalf jaar aan bloedverlies lijdt, raakt de zoom van het bovenkleed van Jezus aan.",null
218010002007,Biblical person,Aäron,null
218010002033,Theme,Feeding of five thousend,null
218010001032,Biblical person,Kaïn,null
218010001115,Theme,Isaak enh Ismaél begraven Abraham in de grot van Machpela.,null
218010001411,Theme,Ruth knielt uit dankbaarheid voor Boaz neer. ,null
218010002008,Theme,Jerich compassed,null
218010001835,Biblical person,Jesus,http://bibleontology.com/resource/Jesus
218010001941,Biblical person,Agabus (profeet uit Juda),null
218010001657,Biblical person,Elisabeth,null
218010001219,Theme,De tiende plaag van Egypte,null
218010001163,Biblical person,Joseph,http://bibleontology.com/resource/Joseph
218010002010,Biblical person,Simson,null
218010001071,Biblical person,Melchizedek,http://bibleontology.com/resource/Melchizedek
218010002011,Theme,Ruth on the floor uncovered the feet of Boaz and layed down.,null
218010001724,Biblical person,leper,null
218010001873,Biblical person,Jesus,http://bibleontology.com/resource/Jesus
218010001750,Biblical person,Jesus,http://bibleontology.com/resource/Jesus
218010001724,Biblical person,Jesus,http://bibleontology.com/resource/Jesus
218010001603,Biblical person,Rafaël,null
218010002003,Biblical person,Moses,http://bibleontology.com/resource/Moses
218010001603,Biblical person,Tobias,null
218010002033,Theme,Salome is given the head of John the Baptist by the executioner,http://iconclass.org/73C1334
218010001195,Theme,Moses drawn from the water,null
218010001511,Biblical person,Elia (profeet) uit het dorp Tisbe in Gilead,null
218010002003,Theme,Moses kills the Egyptian taskmaster,http://iconclass.org/71E11312
218010001735,Biblical person,Jesus,http://bibleontology.com/resource/Jesus
218010001170,Theme,Farao geeft zijn zegelring aan Jozef,null
218010002028,Theme,"Daniel's vision of the lion, leopard, a bear and a terrible forth beast",null
218010001700,Theme,A Pharisee besought Jesus to dine with him and he went in and sat down,null
218010001627,Biblical person,Antiochus,null
218010002010,Theme,Samson kills the philistines,null
218010001603,Theme,Tobias asks for Sarah in marriage,http://iconclass.org/71T62
218010001329,Theme,the fall of Jericho (Joshua 6),http://iconclass.org/71E524
218010001521,Biblical person,Gechazi,null
218010001303,Biblical person,mozes,null
218010001067,Biblical person,Lot,http://bibleontology.com/resource/Lot
218010001615,Theme,Baälpriesters in de tempel.,null
218010001033,Biblical person,Abel,null
218010001337,Theme,De Chiwwieten bedriegen Josua met een list,null
218010002032,Theme,A leprosy was cleansed,null
218010001687,Theme,Escape to Egypt,null
218010001378,Theme,"the angel of the Lord appears to Gideon, who is usually shown threshing wheat",http://iconclass.org/71F2121
218010001171,Biblical person,joseph son of jacob,null
218010001700,Biblical person,Pharisee,null
218010002022,Theme,Herbouw van de tempel. Nehemia herbouwt de stadsmuur en de poorten. Nehemia leest voor uit de wet.,null
218010001787,Theme,"Transfiguration of Christ on the mount with Moses, Eliah and three disciples (Mat.17)",null
218010001812,Biblical person,Christ,null
218010002038,Biblical person,Samaritaanse vrouw,null
218010002010,Biblical person,Engel,null
218010002003,Theme,Joseph sold into slavery and taken to Egypt (Genesis 37:12-35),http://iconclass.org/71D12
218010001249,Theme,De tabernakel opgebouwd en ingericht.,null
218010001367,Biblical person,Eglon (koning van de Moabieten),null
218010001603,Biblical person,Sara,null
218010001827,Biblical person,discipelen,null
218010002033,Theme,Salome gives the head of John the Baptist to her mother,http://iconclass.org/73C1335
218010001453,Biblical person,Agag,null
218010001411,Biblical person,Ruth,null
218010001945,Theme,"Paulus is bitten by the viper, but felt no harm",null
218010001477,Biblical person,Saul,http://bibleontology.com/resource/Saul
218010002014,Theme,Saul among the prophets,null
218010001651,Biblical person,Engel,null
218010001891,Biblical person,Petrus,null
218010001945,Theme,Paulus gebeten door een gifslang.,null
218010001831,Biblical person,engel,null
218010001378,Biblical person,Gideon,http://bibleontology.com/resource/Gideon
218010002025,Theme,the book of Psalms,http://iconclass.org/71X1
218010001739,Biblical person,Jezus,null
218010001941,Biblical person,prophet Agabus,null
218010001727,Biblical person,Jesus,http://bibleontology.com/resource/Jesus
218010001603,Biblical person,Raguël,null
218010001746,Theme,Jezus verdrijft demonen.,null
218010001941,Biblical person,Paulus (apostel),null
218010002003,Theme,Moses lifts up his rod and the water divides (Red Sea); the angel of God and the pillar of cloud move to the rear,http://iconclass.org/71E1222
218010001453,Theme,Samuel hew's Agag in pieces before the Lord in Gilead,null
218010002023,Theme,"Ester, Ahasveos en beloning van Mordechai (Esther div teksten)",null
218010001826,Theme,Het laatste avondmaal,null
218010001195,Biblical person,Moses,http://bibleontology.com/resource/Moses
218010001827,Biblical person,Jesus,http://bibleontology.com/resource/Jesus
218010001400,Theme,Samson tears the lion in pieces,null
218010001243,Theme,Worshipping the golden calf,null
218010001384,Biblical person,Gideon,http://bibleontology.com/resource/Gideon
218010001701,Theme,John the Baptist preaching in the Wilderness of Judea,null
218010001597,Biblical person,Jonah,http://bibleontology.com/resource/Jonah
218010001549,Theme,'Free illustration with 'woman-animals' and 'Zeus like face',null
218010001603,Theme,The first Holy Scene,null
218010001917,Theme,Saulus geroepen,null
218010001812,Biblical person,Jezus,null
218010002010,Biblical person,Simson,null
218010002010,Theme,The house fell upon the lords and upon all the people that were therein and upon Samson. All were dead.,null
218010001409,Biblical person,Naomi,http://bibleontology.com/resource/Naomi
218010001751,Biblical person,Jesus,http://bibleontology.com/resource/Jesus
218010001367,Theme,Eglon king of the Moabites killed,null
218010001249,Theme,Het maken van de Ark en de heilige voorwerpen voor de Tabernakel (Exodus 25:10-22),null
218010001813,Biblical person,Jesus,http://bibleontology.com/resource/Jesus
218010001651,Biblical person,Engel Gabriël,null
218010001657,Biblical person,Zacharias,null
218010001879,Theme,the lid of the sarcophagus opened by an angel ~ Resurrection of Christ - EE - the tomb closed (with unbroken seals),http://iconclass.org/73EE1211
218010001933,Biblical person,Paulus,null
218010002037,Theme,"Jezus gestorven, opgestaan en ten hemel gevaren.",null
218010001170,Biblical person,Jozef (zoon van Jacob),null
218010001441,Theme,The mourning of the Israelites at Gibeah,null
218010001787,Theme,De verheerlijking van Jezus op de berg.,null
218010001603,Biblical person,Raguël,null
218010001609,Biblical person,Holofernes,null
218010002033,Biblical person,Jezus,null
218010001651,Biblical person,Angel Gabriel,null
218010001855,Theme,Jezus bespot,null
218010001019,Theme,Adam and Eve naked in Paradise,null
218010001883,Biblical person,angel,null
218010001033,Biblical person,Kaïn,null
218010001933,Theme,The convert taylor ,null
218010001696,Theme,Een engel vertelt Jozef om met Maria en het kind naar Egypte te gaan,null
218010001079,Theme,Abraham besnijdt zijn zoon Ismaël en alle mannelijke huisgenoten.,null
218010001567,Theme,Isaiah sees the Lord sitting upon histhrone,null
218010001933,Biblical person,gevangenbewaarder,null
218010001687,Biblical person,Mary_(Mother_of_Jesus),http://bibleontology.com/resource/Mary_Mother_of_Jesus
218010001498,Theme,Solomon's judgment,null
218010001605,Theme,the story of Susanna and the elders (in which the youth Daniel intervenes on behalf of Susanna) (Daniel 13),http://iconclass.org/71P41
218010001511,Theme,Spyzing of Elias by the ravens,null
218010001867,Biblical person,Jesus,http://bibleontology.com/resource/Jesus
218010001929,Biblical person,Silas,null
218010001605,Biblical person,Susanna,null
218010001940,Theme,Departure of Paul to Rhodes,null
218010002023,Biblical person,Ahasuerus,null
218010002023,Biblical person,Ahasveros (koning van Perzië),null
218010001224,Theme,Pharaoh and his army drowned in the Red Sea,null
218010001735,Biblical person,Christ,null
218010001750,Biblical person,Jesus,null
218010001143,Biblical person,Jakob,null
218010001095,Biblical person,Ismael,http://bibleontology.com/resource/Ismael
218010001873,Theme,bearing of Christ's body to the grave,http://iconclass.org/73D74
218010001461,Biblical person,David,null
218010002021,Biblical person,Cyrus,null
218010001396,Biblical person,Simson,null
218010002031,Biblical person,Maria mother of Jesus,null
218010001543,Theme,"Shaving and cutting off the garments of David's servants by Hanun, king of the Ammonites",null
218010001311,Biblical person,Moses,http://bibleontology.com/resource/Moses
218010001605,Biblical person,Susanna,null
218010001095,Biblical person,Abraham,null
218010002032,Theme,Jezus beveelt demonen om de twee mannen te verlaten en in een kudde varkens te trekken.,null
218010002012,Biblical person,Hannah,http://bibleontology.com/resource/Hannah
218010001538,Theme,ornamentversiering engeltjes en bladslingers,null
218010001701,Biblical person,Johannes de Doper,null
218010001115,Theme,Abraham is buried by Isaac and Ishmael in the cave of Machpelah,http://iconclass.org/71C2241
218010002011,Theme,Ruth Boaz acting with the shoe,null
218010002037,Biblical person,Jesus,http://bibleontology.com/resource/Jesus
218010001517,Theme,Hemelvaart van Elia,null
218010001187,Theme,Jacob blesses his sons,http://iconclass.org/71D243
218010002037,Biblical person,Jezus Christus,null
218010001378,Biblical person,Gideon,http://bibleontology.com/resource/Gideon
218010001262,Theme,De woede van de Heer gaat als vuur rond in het kamp van het klagende volk,null
218010001355,Theme,The Rubenites answer in defense of their altar Jusua xxII. 15-13,null
218010002010,Biblical person,Vrouw van Manoach,null
218010001739,Theme,Jezus in gesprek met een Samaritaanse vrouw,null
218010001577,Theme,Een dal vol beenderen,null
218010001087,Theme,The Sodomites are smitten with blindness,null
218010001575,Biblical person,Ezekiel,http://bibleontology.com/resource/Ezekiel
218010002039,Theme,Paul honoured,null
218010001413,Biblical person,Ruth,http://bibleontology.com/resource/Ruth
218010001873,Biblical person,Jesus,http://bibleontology.com/resource/Jesus
218010001019,Biblical person,Eva,null
218010001887,Biblical person,Maria,http://bibleontology.com/resource/Maria
218010002023,Theme,Mordecai on a horseback,null
218010001143,Theme,Jacob and the angel (Genesis 32:24-32),http://iconclass.org/71C322
218010002021,Theme,Cyrus geeft opdracht om de tempel in Jeruzalem te herbouwen.,null
218010001033,Theme,Cain rises up against his brother Abel and kills him,null
218010001429,Theme,De terugkeer van de ark uit het land der Filistijnen,null
218010002010,Biblical person,engel,null
218010002012,Theme,head of Dagon fallen to the ground,null
218010002007,Biblical person,Balak,null
218010001238,Theme,The promulgation of the law in Mount Sinai,null
218010002033,Theme,Jezus wandelt op het meer. ,null
218010001651,Biblical person,Mary_(Mother_of_Jesus),http://bibleontology.com/resource/Mary_Mother_of_Jesus
218010001724,Theme,Jesus cleans a leper of his leprosy,null
218010002012,Theme,the hand of God is against the city of Ashdod,null
218010001071,Biblical person,Abraham,null
218010002037,Biblical person,De goede herder.,null
218010001166,Biblical person,Josef,null
218010002033,Biblical person,Moses,http://bibleontology.com/resource/Moses
218010001201,Theme,The Lord appears to Moses in a burning bush,null
218010001103,Biblical person,Abraham,null
218010001404,Theme,De stam Benjamin verzekert zich van zijn voortbestaan,null
218010001873,Theme,Jesus Christ buried,null
218010002039,Theme,Paulus gestenigd.,null
218010001095,Biblical person,Isaac,http://bibleontology.com/resource/Isaac
218010001941,Theme,Agabus voorspelt Paulus dat hij gevangen genomen zal worden in Jeruzalem,null
218010001831,Theme,Christ strengthened by an angel,null
218010001243,Theme,Aaron builds an altar and offers a sacrifice to the golden calf,http://iconclass.org/71E13531
218010001679,Biblical person,Simeon,http://bibleontology.com/resource/Simeon
218010001437,Theme,Saul onder de profeten,null
218010001310,Theme,Heilige wetstafels en boekrollen,null
218010001095,Theme,Abraham sends away Hagar,null
218010001795,Biblical person,Maria,http://bibleontology.com/resource/Maria
218010001211,Biblical person,Pharaoh,http://bibleontology.com/resource/Pharaoh
218010002007,Biblical person,Aäron,null
218010001469,Biblical person,Saul,null
218010001359,Theme,Joshua makes a convenant with God,null
218010001543,Theme,David's messengers shaved by Hanun,null
218010001511,Biblical person,Elia (profeet),null
218010002007,Biblical person,Bileam (zoon van Beor),null
218010001503,Theme,Ahija's prophesy to Jeroboam,null
218010002006,Theme,Zalving van Aäron - Inwijding van het altaar,null
218010002023,Theme,Ahasuerus has the most attractive maidens of his kingdom put into his harem in order to select a new queen from among them ~ story of Esther,http://iconclass.org/71Q22
218010002032,Theme,Johannes doopt Jezus in de Jordaan,null
218010001795,Biblical person,Jezus,null
218010002014,Theme,Abjathar and David ,null
218010001747,Biblical person,Jesus,http://bibleontology.com/resource/Jesus
218010001871,Biblical person,Jesus,http://bibleontology.com/resource/Jesus
218010001787,Biblical person,"Petrus, Jacobus en Johannes",null
218010002032,Biblical person,Jesus,http://bibleontology.com/resource/Jesus
218010001569,Theme,Isaiah saw the Lord sitting on the trone,null
218010001883,Biblical person,Engel,null
218010001525,Theme,Jehoash is proclaimed king and Athalia is slain.,null
218010001873,Biblical person,Josef,null
218010001342,Theme,Joshua and the battle with the five kings,null
218010001110,Biblical person,Rebekah,http://bibleontology.com/resource/Rebekah
218010002003,Biblical person,Moses,http://bibleontology.com/resource/Moses
218010001457,Biblical person,david son of Jesse,null
218010002014,Theme,Amelekites overcome,null
218010002033,Theme,"Peter sinks in the water (Mt.14,31)",null
218010001147,Theme,Ontmoeting Jacob en Esau omringd door familie en leger (Genesis 33:4),null
218010001567,Theme,De roeping van Jesaja,null
218010002007,Biblical person,Eleazar (zoon van Aäron),null
218010001170,Theme,Joseph is advanced and the Pharao set him over the land of Egypt,null
218010001763,Biblical person,Jesus,http://bibleontology.com/resource/Jesus
218010001342,Theme,Slag bij Gibeon,null
218010001687,Biblical person,Joseph_(Husband of Maria),http://bibleontology.com/resource/Joseph_Husband_of_Maria
218010002007,Biblical person,Bileam (zoon van Beor),null
218010002038,Biblical person,Jesus,http://bibleontology.com/resource/Jesus
218010002018,Biblical person,Elias,null
218010001130,Biblical person,Isaac,http://bibleontology.com/resource/Isaac
218010001445,Theme,Samuel bidt God om regen,null
218010001860,Theme,Simon bears the cross of Christ,null
218010001925,Biblical person,Elymas,null
218010002010,Theme,Samson ffound a jawbone and slew 1000 men,null
218010001131,Biblical person,Jakob,null
218010001908,Theme,The mission of the Holy Ghost,null
218010001543,Biblical person,Hanun,http://bibleontology.com/resource/Hanun
218010001255,Theme,"De zonen van Aäron, Nadab en Abihu, door het vuur verteerd.",null
218010001555,Biblical person,Koning Ahasveros (koning van Perzië en Medië),null
218010001855,Biblical person,christ,null
218010001413,Biblical person,Ruth,null
218010001191,Biblical person,Jacob (son of Isac),null
218010001095,Biblical person,Hagar,null
218010001727,Theme,The great fishing,null
218010001657,Biblical person,Elisabeth,null
218010002039,Biblical person,Paulus,null
218010001521,Biblical person,Elisa,null
218010001763,Biblical person,Mathew,null
218010001551,Biblical person,Manasse,null
218010001577,Theme,A type of the resurrection of the dead,null
218010002004,Theme,De verlossing van Israël. De wetgeving aan Mozes op de berg,null
218010001400,Biblical person,simson,null
218010001860,Biblical person,Simon,null
218010001211,Theme,miracle of the rod changed into a serpent ; Moses may be shown fleeing from the serpent,http://iconclass.org/71E114231
218010001130,Theme,Isaac asks Esau to prepair him a meal,null
218010001359,Biblical person,Joshua,http://bibleontology.com/resource/Joshua
218010001441,Theme,The mourning of the Israelites at Gibeah,null
218010001521,Biblical person,Naaman,http://bibleontology.com/resource/Naaman
218010001620,Theme,Eliazer's bold interprise,null
218010001095,Biblical person,Hagar,http://bibleontology.com/resource/Hagar
218010002017,Theme,Solomon builds the temple,null
218010002005,Theme,Moses comes downfrom the Mount Sinai with the two tables,null
218010001477,Biblical person,The witch of Endor,null
218010002008,Biblical person,Josua,null
218010002011,Theme,"Naomi sends away her daughters-in-law: Orpah returns home, Ruth stays",http://iconclass.org/71F622
218010001945,Theme,Paul shakes off the viper and felt no harm,null
218010001110,Theme,Rebekka gives the servant of Abraham drink,null
218010001759,Biblical person,Jesus,http://bibleontology.com/resource/Jesus
218010001696,Biblical person,Mary_(Mother_of_Jesus),http://bibleontology.com/resource/Mary_Mother_of_Jesus
218010002010,Biblical person,Manoach,null
218010002014,Biblical person,Jonathan,http://bibleontology.com/resource/Jonathan
218010002005,Biblical person,Moses,http://bibleontology.com/resource/Moses
218010002015,Theme,"Hanun, king of the Ammonites, mistreats David's messengers: their beards are shaven off and their clothes are cut off",http://iconclass.org/71H5251
218010001469,Biblical person,David,null
218010001735,Biblical person,Jezus,null
218010001739,Theme,Ascension of Christ,null
218010002040,Theme,"epistle of Paul, Peter, Jon and Jude",null
218010002007,Theme,The serpent upon a pole,null
218010001095,Biblical person,Sara (vrouw van Abraham),null
218010001721,Biblical person,Jesus,http://bibleontology.com/resource/Jesus
218010001871,Biblical person,wordt ten grave gedragen ,null
218010001855,Biblical person,Jesus,http://bibleontology.com/resource/Jesus
218010002010,Theme,The Philistines put out Samson's eyes,null
218010001359,Biblical person,Joshua,http://bibleontology.com/resource/Joshua
218010002014,Biblical person,David,null
218010001555,Biblical person,Ahasuerus,null
218010001311,Biblical person,Joshua,http://bibleontology.com/resource/Joshua
218010001147,Theme,Esau ran to meet Jacob and fell on his neck and kissed him,null
218010001259,Theme,stoned,null
218010001913,Theme,De steniging van Stefanus.,null
218010002039,Theme,Paul sails to Italy in a dangerous storm,null
218010001831,Theme,Christ strengthened by an Angel,null
218010001371,Theme,De dood van Sisera,null
218010002006,Biblical person,Moses,http://bibleontology.com/resource/Moses
218010001721,Theme,The wedding in Cana ,null
218010001147,Biblical person,jacob,null
218010001847,Biblical person,Jesus,http://bibleontology.com/resource/Jesus
218010002033,Biblical person,Jezus,null
218010001726,Theme,De grote visvangst,null
218010001921,Theme,Petrus bevrijd uit de gevangenis,null
218010002038,Biblical person,Jesus,http://bibleontology.com/resource/Jesus
218010001445,Theme,Samuel calleth upon the Lord in the time of wheat harvest for rain,null
218010001605,Biblical person,Rechters (Oudsten),null
218010001751,Theme,"Christ in a boat with the apostles, talking or sleeping",http://iconclass.org/73C311
218010001411,Biblical person,Boaz,null
218010001581,Biblical person,Nebuchadnezzar,http://bibleontology.com/resource/Nebuchadnezzar
218010002010,Theme,Samson takes the doors of the city-gate,http://iconclass.org/71F363
218010001219,Biblical person,Pharaoh,http://bibleontology.com/resource/Pharaoh
218010001473,Biblical person,David,null
218010001311,Theme,Jozua ingehuldigd als opvolger van Mozes.,null
218010001453,Biblical person,Samuel,http://bibleontology.com/resource/Samuel
218010001363,Biblical person,Adoni-Bezek,null
218010001687,Biblical person,Joseph_(Husband of Maria),http://bibleontology.com/resource/Joseph_Husband_of_Maria
218010001413,Theme,Ruth leest aren op het land van Boaz.,null
218010002039,Theme,Paulus gearresteerd.,null
218010001567,Biblical person,Heere,null
218010001095,Biblical person,Hagar (Egyptische slavin van Sara),null
218010001759,Biblical person,paralysed man,null
218010002031,Theme,Vlucht voor Herodes,null
218010001701,Biblical person,John the Baptist,null
218010001413,Biblical person,Ruth,http://bibleontology.com/resource/Ruth
218010001131,Theme,Jacob's ladder (alone),http://iconclass.org/71C31213
218010001071,Biblical person,Abram,null
218010002004,Biblical person,Moses,http://bibleontology.com/resource/Moses
218010001143,Biblical person,engel,null
218010001700,Biblical person,Jesus,http://bibleontology.com/resource/Jesus
218010001343,Theme,Joshua's battle against the five kings; the sun and the moon stood still.,null
218010001903,Biblical person,Christ,null
218010001162,Biblical person,Tamal related with Judah,http://bibleontology.com/resource/Tamal_related_with_Judah
218010001243,Theme,The Israelites worship the Golden Calf                                             ,null
218010001839,Biblical person,christ,null
218010001899,Biblical person,Jesus,http://bibleontology.com/resource/Jesus
218010001873,Biblical person,Josef (koopman uit Arimatea),null
218010002022,Biblical person,Nehemia,null
218010002014,Biblical person,Achimelech,null
218010001363,Theme,Adoni-bezek is caught; his thumbs and his great toes are cut off,http://iconclass.org/71F1112
218010002023,Biblical person,Ester (dochter van Abichaïl),null
218010002009,Theme,Gideon conquers the Midianites,null
218010001123,Theme,Isaac and Abimelech,null
218010002031,Theme,Birth of Christ and the kings from the East,null
218010001131,Biblical person,Jacob,null
218010001913,Theme,Stephen stoned,null
218010001647,Biblical person,Zacharias,null
218010001696,Biblical person,Jesus,http://bibleontology.com/resource/Jesus
218010001940,Biblical person,Paulus,null
218010001586,Theme,"Sadrach, Mesach en Abednego in de brandende oven",null
218010001521,Biblical person,Elishah,http://bibleontology.com/resource/Elishah
218010001170,Biblical person,Pharaoh,http://bibleontology.com/resource/Pharaoh
218010002037,Biblical person,Emmaüsgangers,null
218010002037,Biblical person,Simon,null
218010001511,Biblical person,Elijah,http://bibleontology.com/resource/Elijah
218010001795,Theme,Martha complains of her sister to Christ,null
218010002007,Theme,De dood van Aäron en Mozes met de koperen slang,null
218010001411,Theme,Boaz tells Ruth to reap in his field,null
218010002039,Biblical person,Paulus,null
218010001511,Biblical person,Elijah,http://bibleontology.com/resource/Elijah
218010001151,Theme,Dina en Sichem,null
218010002012,Theme,restore the cart for the Ark,null
218010001701,Theme,John preaching in the desert,null
218010002015,Biblical person,Isboset,null
218010002004,Biblical person,Mozes,null
218010001337,Theme,The Gibeonites deceive Joshua,null
218010001551,Theme,Manasse in de gevangenis,null
218010001307,Biblical person,Mozes,null
218010001713,Theme,Jesus in the Mount,null
218010001913,Biblical person,Stephen(Stephanus),null
218010002032,Biblical person,Andreas,null
218010001913,Theme,the stoning of Stephen; the witnesses lay down their clothes at Saul's feet,http://iconclass.org/73F3563
218010002009,Theme,Eglon killed by Ehud,null
218010001396,Biblical person,Samson,http://bibleontology.com/resource/Samson
218010002038,Theme,Wedding at Cana,null
218010001799,Biblical person,overspelige vrouw,null
218010002010,Biblical person,vrouw van Manoach,null
218010002032,Theme,Jesus baptisted,null
218010002021,Biblical person,Cyrus,null
218010002033,Biblical person,Johannes de Doper,null
218010002010,Biblical person,Samson,http://bibleontology.com/resource/Samson
218010001457,Biblical person,Samuël,null
218010001211,Theme,The rods of Moses and the Magitians turned into serpents,null
218010002033,Theme,"Jesus walking on the water (Mt.14,28)",null
218010002021,Theme,Cyrus proclaims the end of the Babylonian Captivity and orders a temple to be built in Jerusalem,http://iconclass.org/71R112
218010001657,Theme,"Mary and Elisabeth, both pregnant, embracing",http://iconclass.org/73A622
218010002037,Theme,the empty sepulcre,null
218010001903,Theme,De hemelvaart van Jezus,null
218010001627,Theme,Antiochus martelt zeven broers en hun moeder,null
218010002008,Theme,The waters of Jordan are divided,null
218010001044,Theme,De Heer zag dat alle mensen op aarde slecht waren,null
218010001597,Theme,Jonah is sent by God to Nineveh to preach to its sinful citizens,http://iconclass.org/71V11
218010001657,Biblical person,Maria,null
218010002007,Biblical person,Bileam (de zoon van Beor),null
218010001701,Theme,Optreden van Johannes de Doper in de woestijn,null
218010002015,Biblical person,Uzza,null
218010001657,Biblical person,Mary_(Mother_of_Jesus),http://bibleontology.com/resource/Mary_Mother_of_Jesus
218010001397,Theme,Simson rukt de deuren uit de stadspoort.,null
218010001603,Biblical person,Tobias,null
218010001110,Biblical person,Rebekah,http://bibleontology.com/resource/Rebekah
218010001871,Biblical person,Mary_(Mother_of_Jesus),http://bibleontology.com/resource/Mary_Mother_of_Jesus
218010001620,Theme,"Eleazar, brother of Judas Maccabeus, kills an elephant of war and is killed himself when the elephant falls on him",http://iconclass.org/71Z171
218010001933,Theme,Bekering van de gevangenbewaarder van Paulus en Silas,null
218010002010,Theme,Samson's birth and youth (Judges 13),http://iconclass.org/71F31
218010001311,Biblical person,Joshua succeeder of Mozes,null
218010002035,Biblical person,Jesus,http://bibleontology.com/resource/Jesus
218010002031,Biblical person,Johannes de Doper,null
218010001380,Theme,Gideons battle with the Medianites,null
218010001951,Theme,Visioen van de zeven kandelaren,null
218010002014,Biblical person,David,null
218010002007,Biblical person,Eleazar (zoon van Aäron),null
218010001763,Theme,de roeping van Matteüs,null
218010001127,Biblical person,Jacob son of Isaac,null
218010001615,Theme,The priests of Bel in the Temple,null
218010001567,Theme,isaiah's vision (Isaiah 6),null
218010001614,Theme,Baals Priests in the temple,null
218010001255,Theme,Nadab and Abihu consumed by fire from the Lord,null
218010002005,Biblical person,Moses,http://bibleontology.com/resource/Moses
218010002010,Biblical person,Manoach,null
218010001461,Biblical person,Goliath,http://bibleontology.com/resource/Goliath
218010001799,Biblical person,schriftgeleerden en Farizeeën,null
218010001437,Theme,Saul among the prophets,null
218010002005,Biblical person,Moses,http://bibleontology.com/resource/Moses
218010001186,Biblical person,devil,null
218010001735,Biblical person,Nicodemus,null
218010001411,Biblical person,Ruth,http://bibleontology.com/resource/Ruth
218010001201,Biblical person,Mozes,null
218010001899,Biblical person,Christ,null
218010001501,Biblical person,Solomon,http://bibleontology.com/resource/Solomon
218010002033,Biblical person,salome,null
218010001071,Theme,Melchised king of Salem Blesses Abram,null
218010002038,Biblical person,Fillipus,null
218010001033,Theme,Kain kills Abel,null
218010001941,Biblical person,Paulus,null
218010001195,Theme,Mozes uit het water gehaald.,null
218010001657,Theme,"Mary and Elisabeth, both pregnant, embracing",http://iconclass.org/73A622
218010001103,Theme,Abrham weighs four hundred shekels of silver for the cave,null
218010001019,Biblical person,Eve,http://bibleontology.com/resource/Eve
218010001170,Biblical person,Jozef,null
218010002003,Biblical person,Joseph,http://bibleontology.com/resource/Joseph
218010002033,Biblical person,Johannes de Doper,null
218010001614,Theme,Baälpriesters in de tempel,null
218010001543,Biblical person,"Chanun (zoon van Nachas), koning van de Ammonieten",null
218010001127,Theme,"Isaac lying in bed blesses Jacob who, disguised in Esau's clothes, brings food to his father; Jacob's hands and neck are covered with goatskins",http://iconclass.org/71C274
218010002037,Biblical person,"johannes,john",null
218010002039,Biblical person,Herodes,null
218010001921,Biblical person,Petrus,null
218010002032,Biblical person,John the Baptizer ,null
218010001794,Theme,"the mote and the beam in the eye ~ doctrine of Christ on love, etc. (Matthew 7:4; Luke 6:42)",http://iconclass.org/73C74511
218010002038,Theme,Jesus and the blind man,null
218010001773,Theme,Het hoofd van Johannes de Doper wordt aan de dochter van Herodias gegeven.,null
218010002014,Biblical person,Saul,http://bibleontology.com/resource/Saul
218010001687,Biblical person,Mary_(Mother_of_Jesus),http://bibleontology.com/resource/Mary_Mother_of_Jesus
218010001115,Theme,Isaac and Ismael bury Abraham,null
218010001038,Biblical person,Kaïn,null
218010002017,Theme,De bouw en inwijding van de tempel,null
218010002008,Theme,Death of Achan,null
218010001019,Biblical person,Adam,null
218010001879,Theme,Christ pushing away the lid of the sarcophagus ~ Resurrection,http://iconclass.org/73E121
218010002018,Biblical person,Elias,null
218010002032,Biblical person,Jesus,http://bibleontology.com/resource/Jesus
218010001378,Theme,Gideon geroepen,null
218010001473,Biblical person,Abigael,null
218010001503,Biblical person,Achia ,null
218010002005,Biblical person,Mozes,null
218010002015,Biblical person,David,null
218010001921,Biblical person,Angel,null
218010001555,Biblical person,Ahasuerus,null
218010001363,Biblical person,Adonibezek,null
218010001555,Theme,Ahasverus gives his ring to Mordecai,null
218010001147,Biblical person,Esau,null
218010001718,Biblical person,Jesus,http://bibleontology.com/resource/Jesus
218010002032,Biblical person,Matteüs,null
218010001763,Biblical person,Matteüs,null
218010001778,Theme,De wonderbaarlijke spijziging,null
218010001895,Theme,Unbelieving Thomas,null
218010002010,Theme,Aankondiging van de geboorte van Simson. Simsons huwelijk. ,null
218010001511,Theme,Elia door de raven gevoed.,null
218010001110,Biblical person,Eliezer (Son of Moses) ,http://bibleontology.com/resource/Eliezer_Son_of_Moses
218010001027,Biblical person,Adam,null
218010001855,Theme,Christ mocked,null
218010001925,Theme,De magiër Elymas (ook Barjesus genoemd) door Paulus met blindheid gestraft.,null
218010001609,Theme,Judith onthoofdt Holofernes,null
218010001887,Biblical person,Mary Magdalene,null
218010002003,Biblical person,Schenker,null
218010002010,Biblical person,Simson,null
218010001396,Theme,The Philistines put out Samsons eyes,null
218010002015,Biblical person,Dodenbezweerster van Endor,null
218010001396,Theme,The Philistines put out Samsons eyes,null
218010002012,Theme,The ark of convenant put on a cart,null
218010002008,Biblical person,Rahab,http://bibleontology.com/resource/Rahab
218010001891,Theme,"Cleopas and Peter arrive at the gate of Emmaus, or at the inn; Christ is asked to stay",http://iconclass.org/73E342
218010001647,Theme,annunciation of the birth of John the Baptist to Zacharias: while he is offering incense in the temple an angel (Gabriel) appears to him,http://iconclass.org/73A11
218010001555,Biblical person,Ahasuerus,null
218010002031,Biblical person,Mary_(Mother_of_Jesus),http://bibleontology.com/resource/Mary_Mother_of_Jesus
218010002037,Biblical person,Johannes,null
218010002038,Biblical person,vrouw uit Samaria,null
218010002038,Theme,Nicodemus and Jesus,null
218010001255,Biblical person,Nadab (zoon van Aäron),null
218010002021,Theme,"Ezra 1,1-7;2,1",null
218010001586,Theme,The three man burning in the fiery furnace,null
218010001032,Biblical person,adam,null
218010001795,Biblical person,Martha,null
218010002037,Theme,the supper at Emmaus: Christ is recognized while blessing or breaking the bread,http://iconclass.org/73E343
218010002037,Theme,Ascension of Jesus,null
